V1,V2,V3,V4,V5,V6,V7,V8,V9,V10,V11,V12,V13,V14,V15,V16,V17,V18,V19,V20,V21,V22,V23,V24,V25,V26,V27,V28,Time,Amount,Class
-0.4800566029151341,0.5377346993378875,0.7753513844788935,-0.23771994976161076,0.4105101299170449,0.033576911541689465,0.7986151692731586,-0.49802611345761605,-2.0771676080070964,-1.009311978663032,-0.15616402323478037,-0.5410804620499738,-0.18076112246852846,1.5642536326915149,-0.6102501555321095,-0.7077223065776186,0.8810996316477331,0.8906393291591814,0.30613582128451916,-0.4558432246570715,-0.3900683610813288,-0.39321134278307374,0.3866016455113292,0.35503955487404215,0.6361517699837513,-0.2850880986189222,0.5374520303775449,-0.4256533001422418,-2.6661533841812295,-0.25626099894521265,0
-0.8754268180856354,0.6371698739792039,-2.535953037933628,-1.5170799645808453,-0.7106506188142234,-1.359287226494503,-0.04597647702766378,2.5205365626382754,-0.6879432242891427,-0.4293754479065462,1.1780682748160503,1.6647341272096918,1.770993291014497,0.4666733796314851,0.433934816591272,-0.5949151292728015,-0.012318356437371086,0.615769038650707,0.14384229543401572,0.5325737850681368,-0.5835006928807849,0.30927142309616473,0.3807756023992145,-1.164773517153938,-0.5198910117714864,1.1451837438891974,-0.7836707715944233,0.25981736469728517,0.401777582995887,-0.4960158710647932,0
2.377411542150909,-0.9775726820659598,-1.6512720088806039,-1.2912994139146652,0.7942384248227854,1.3405646826273339,1.1816012665494096,0.27096941237896566,-0.24134214987164432,1.5088692971673918,0.1929599624815013,-0.4113075787240398,2.0358774341947514,0.42952398251566704,1.080517275959502,0.060607192686262246,0.8097613441887938,-0.2130060596099801,-0.07585571236873537,-1.746344968730226,-0.6815511914999641,-1.0557238162895621,-1.0610725306073854,0.712446349008772,0.09259660581088382,-1.2911073712440702,-1.671403812356239,-0.1550650576470104,-0.8821153133155406,0.2957504371294233,0
0.7223276601364722,-0.0668138393894371,1.5035199472984233,3.9049936208058837,-0.2570520327588454,-2.2261787194826534,-1.1096317485210465,1.497142826499305,-0.6912592975620538,-0.10154120769325373,1.1916708585876608,-0.6611238354163272,-1.2999004044644042,-0.36811302296731957,-0.32490571895292875,-0.5091172364018485,-1.9040850342232565,1.48942007081923,0.6196686401754689,0.5732834134686244,-1.838948219182773,0.6555097928765936,1.0823177050766541,1.0816671289220918,2.116707751927413,0.2756494337074602,0.08245715975963429,-1.3583745481777794,0.43836037213826407,0.7376384968364181,1
1.5213345252800607,-1.0376195862771527,-1.5143895095449451,0.003517857198835105,-0.36360631598720083,0.4132820607544469,-0.3167546920033981,-1.3402204315187523,-0.8215868684998313,0.852038564627122,-1.5658428279527075,-0.5816412807763859,0.3221978176215721,0.2683135170365928,-0.36808932033904623,-1.1251115835423613,-2.343079126455778,0.5398808098219028,1.1977667236404241,-0.7337018296684577,0.9266323995824779,-0.18785389752329412,-0.556884369894876,-0.19594381977632638,1.8824228002938035,0.34883708496136234,0.5908314176906443,0.08913149455473617,-0.4104585280233032,-0.9673862391340977,0
0.8720717639756436,-0.8837467969268589,-1.2295284066969758,2.1521219100334448,1.2790179681468536,0.9434656313858363,-0.4265778446495901,1.3510865586559417,-1.860317257031016,-1.6331221498454052,-1.2369561891369854,-1.5432362206346086,1.358762340242716,-0.11551880292628934,-1.6319387589115006,1.422528821919339,-0.7546348949102532,0.9999869326387003,0.658839476271632,-0.8700430821401516,-0.2893491308858138,0.5025474962896573,-1.2545193171484539,0.8301285940095651,-0.2278148205036707,1.2599769492165414,0.6144654440210967,0.15322571900800966,-0.6976368591617845,1.6081022967461935,1
-2.0201546374340738,1.0185890585102964,-0.6199189067645916,-0.9964716613431194,-1.6201309583867929,0.3427879108737261,-0.44835971162571886,-0.7856776964133583,0.40919092420888165,-0.2674914880827451,-1.3977134896097445,-0.5252303722489521,0.13618729214980785,-0.7277300216644784,1.2138128194988023,-0.16173968685561751,-0.7972161641031311,0.018280313155226612,-1.745207211496019,-0.7261800047188391,-0.32619869577599797,-0.03507163852290421,0.565684276878261,0.11061078453649134,-0.14759835951991393,0.5001061952631529,0.041031795992911166,-0.730736547940287,-0.08563934532565841,1.0431464873040188,1
-0.22749981416740753,-0.6404719303023063,-1.1031706239295034,0.11910013320179455,-2.0773921012081806,-0.8900208453736916,0.9800282478557176,0.6934084376004434,1.129570721531519,-0.6998799808846463,2.283619087091433,-2.0457776694826717,-0.23716855655025343,0.017477323017321526,0.27158275495689976,0.28475371983898096,-1.367066921491546,-0.363697579221462,-0.5037788413846725,-0.07793255357962241,1.3928917408642558,0.2805763263896683,1.116958174585612,-1.2983070074842304,-0.4924645183981419,-0.08336764589054707,0.17553917005739628,1.8540634494473207,1.5396962562673673,1.7902701401673642,1
0.24316311971117413,1.2031147533151165,-1.0190514449405315,-1.2836454331634934,-0.1509495186113986,0.07316054364216144,-0.08985617628003027,-0.09067121046696999,0.04131429073085702,0.45392494363927743,1.0808836130729753,0.6485156802218103,-0.09185051596633106,-0.38532928138265826,0.8989460144822558,-0.876019942590811,-0.6749444645722193,0.6402220019551675,-0.5712980053885778,-0.7232502928390021,-0.7353408701791944,-0.1419478007356721,0.0851537389105045,0.6984583085252101,-0.7830372709716247,0.41541720495796514,0.3018002788486516,0.23544122156553046,0.3832695931375691,-1.0822254785503431,1
-1.1860423862238167,0.48448995045240906,0.15454459210457058,-0.949408938091095,0.5478352684705566,0.672649728105708,0.9450146304736345,-1.3524416589961197,-1.5263260637248037,1.183917935726938,-0.45133872560741906,0.020526224044845227,0.18129009357094678,-0.28983966040832254,-0.5942675881803022,1.199733116974586,0.5306285912730089,0.21971210497023264,-0.7623307015587506,0.8175899578637718,0.49157195236821494,1.1190028500006752,0.5791678212753506,-1.0378057581447295,0.1622107585145191,-0.8382548554810979,0.4206173949922596,-1.3624810941464724,-0.05140345118177326,-0.04113746112346681,0
-0.957463210496861,-1.8893873248779156,0.9690633231384597,-0.7150498042184925,0.9006387656135795,-0.18823037496061876,-0.9209638411097075,0.04429725878408068,0.6584150414265054,-0.8903610442116244,0.047716293628618386,0.5211652854855072,-0.7463130070891765,-1.106274250944807,-1.5382610348432855,-0.5805768150525573,-0.553616457957162,-0.5327738071193864,0.8368092123045603,2.359678173516136,0.4449390806477991,0.30083669368413024,0.37695519427047325,0.24068361801661395,-1.0562916924942753,-0.5298688800620535,0.46136328655950315,-0.38443081303847787,0.39454901275523135,-0.0954552989708415,1
-0.1313730221349367,-0.7997386775338227,1.0928380342925055,-0.07299607549593833,0.7127790981478006,1.4843928831853481,-0.4054280546775122,0.6266677543210746,-1.7765750842635233,0.3685818418238878,-1.5138103901303457,-1.5961340819379144,1.2231813806718785,1.9711596077889346,-0.023403960868496918,-0.5538138895230061,-0.036506593859076814,1.5164428424677916,-1.3392807563601854,-0.03353607258705656,-0.16468419187616223,-0.3610784966709022,1.2658747798816103,0.17631312311096387,-0.595965666967649,1.202019215020305,-2.102561665663316,-0.7058441959885404,-1.1438131334524777,0.6292033827312323,0
0.32858420440377484,0.4383370162028586,2.0295043574364566,-0.6799486649625873,-0.47907580140299677,-0.4119986978628998,0.25875229000887584,-1.3610345481604111,0.8318949832076878,-1.1745997549950566,0.45308616165777144,1.6620831667073535,-0.10851825230446996,1.0711070656417694,0.00016769274825509823,-1.8022132212072661,-0.9993799036934232,2.113626137881478,0.10893191774905403,-0.27410702607112164,-0.10954154760239959,-1.0024499040024035,0.3484133962360796,-1.0605258113062757,-0.030525115006472692,0.4864743283556923,-1.2061454347507474,-0.8202398095583846,0.00891482532600614,-0.9926674519506316,1
-1.2194193705926524,-2.327230064674578,0.7165485723754561,2.1912602523019884,0.43812259424974,-0.015323292084223524,1.1187548764395823,-0.61105639975305,0.38642890985847483,-1.1996778929028253,-0.2572426801512943,0.6727309776481365,-0.6192651943795655,0.9073133289251848,0.18021405518567496,-0.3607464634755378,-0.025357474952569986,0.906322521458224,1.1907874011637831,0.7463068869813377,1.352958447308253,-0.3699343460923764,-0.4886857433310407,-1.0682274196688841,0.2986216177224373,-0.53379289831619,1.7117866792970244,0.056036704579017424,0.7794603720768222,-1.6019000943097577,0
-0.9644112871617028,-0.4278314372350984,-0.6681880915097499,0.346702813589181,-0.17898576539257013,-0.21354906668005086,-2.1896172630353687,-0.7301201094426985,-0.9659648179620619,-0.8678336127660182,0.7927707718349153,-2.397523526175696,-0.9672498600805428,0.32547683899219765,0.2436832007222525,-0.8182124209217064,-0.7532333227272343,-1.5189384270521162,0.6246110233884133,-0.8565725305706464,0.8993755429238093,-2.2439489809984856,0.7766993381006747,0.9937031300918017,-1.424157994323646,0.6037220269565043,-0.6983813056769899,-0.6277471776956838,-0.7056969671254975,0.3692194308501652,1
-1.0293718734980026,0.5181444243366723,-1.2577606075050325,0.343987400398927,-0.33012187498945483,0.674750898579217,0.01552155322099868,0.30710912864921003,1.1621442392240315,-0.4366605253849326,1.8024042030360867,0.4907418367965199,0.8838240663403797,-1.1517040482190521,-1.3383836922384382,0.49347115305351336,1.439238800258529,1.5023549510888463,-0.1445401798169795,-0.3985482559066237,-0.36128218382295285,0.708072747148154,0.17574493593055204,-0.008018799706201627,0.463475239459556,-0.2786432681119566,0.050452120771227134,0.14821574162272622,-0.8366126950946556,-0.1531705454486998,1
1.1330451820885756,-0.017847758432362047,0.5126495394610945,-3.373560558749308,-0.24397048431942678,-1.4126446035171971,0.5339138996886829,-0.7331676174337904,-2.3051749274741296,0.3344340817759017,-0.43776759526758113,-0.5829154089052045,-0.5521544804253931,0.4199542311854152,-0.7404496227533424,-0.5617511510887233,-0.2080694610180735,-0.952768984350305,0.65922977553199,-0.5121268754785547,-0.6043181681044947,0.4998397448012129,-0.0857978361752469,1.0412267293185178,-1.0506520269469555,-1.185832339792257,0.16089975728099112,-1.1364245715291736,0.9839820703211773,-0.8674891106122575,0
0.25758954208648766,0.638319365270084,-1.695000997044408,-0.9708845273506461,0.8673055984377264,-0.6150306637617518,0.4054412618853985,-1.805563549617227,-0.488094072731172,-0.8179421416391294,-0.3222316744933627,-0.2329325335676464,1.3399323103578782,-0.7439833439941557,-0.5943422975371845,0.6336484245406386,0.019598682583499196,0.37915549526933373,-0.8753593189267059,-0.2914159023515246,-0.15550627443604903,0.1346350898467608,1.5174306609803427,-0.052698312712831055,-1.3519785030823812,0.09613993975195953,-0.04485956712006327,0.7287917411797751,-1.9105117559932812,-0.2007465890057567,1
-1.2118909992247715,-1.4220750418327521,-0.19715256840410378,2.1700688334820453,0.9777581876810021,-0.2430358356139129,-0.9619915816584333,-0.25656346411961806,-0.8372213975511905,3.4557744756499886,-1.164008943836828,-1.2002115974133831,0.26331875596313337,-0.24834416856837477,-0.8083148595562821,-0.5993372137209536,0.06637066676405926,-0.9166722242778309,0.5325606042201244,-1.2552774024891764,-0.4554208868911246,0.6769467713523284,2.3440524149911948,1.3383889338029826,-0.6278640544585766,-0.28268130029662214,-1.5872257820355156,-0.8960610189508139,0.38527714745654934,-0.7191930206403946,1
1.000180046978931,-0.4362801895993712,0.5059759697687314,0.44153852762504303,-0.8708806331722,0.31193414165132133,2.478942341744921,0.05600014916558479,-0.3478097901406157,2.199961680368121,-0.2879113712735968,0.7117206795100895,0.11739984946620041,1.0289349264389718,-2.436219012310415,0.8577676364055047,-1.1694484392213318,-0.3354053301381787,-0.848273675848005,0.6472371953106336,0.8294247914559033,-1.7099907427270247,-0.9235910366221728,1.0526608251021399,-0.9845637557770859,-0.3476781637769578,-0.5829743439907498,-0.7091151087446993,-0.08939447796448842,0.7897118688472844,1
-0.42782012150788623,2.343454503502724,1.5814200514493253,1.7328217583459253,0.8397739740674044,-0.8695885815646385,-0.4884952674804851,-1.3666196723480326,-0.3995278628805317,-1.3681854746664788,0.9533788339820292,0.10401647991140812,0.036827958361371746,1.1817621539132144,-0.28964312691458,1.8392393722888694,0.6365972133726484,-0.8247019083719055,-0.04779457846532674,-0.48873209031468456,-0.5226308915668992,-0.4399996615375108,0.23945894628956577,1.1441470503910443,0.9170737427698153,0.730164790269838,1.6486869096086751,1.0032347749533166,0.7009419596582297,-0.9804777506753557,0
0.6478452408112894,1.533464320991695,1.1174011394622736,-1.046838719187011,0.6742566393488277,-0.6390132760545956,-0.8490975278489339,0.20864355779689983,0.9345554032818411,0.3236231511692871,-0.2679744883017528,1.1528635882317921,-1.0771238617567414,0.5444066202396102,-2.100727097859109,0.577357022860517,0.5474976902814767,0.5854282411706747,0.6955781288587133,0.6498947033088197,-0.23578800720556706,-1.2545636132037552,-0.3361915556078756,2.3081998283446903,0.13255294264827783,-0.9467545163284251,0.7914277952587708,0.5204546221906484,0.34937533080236916,0.44114755330376715,1
0.5357321002423233,-0.45328779285697507,-1.1653551451384272,-0.18684394777617963,0.13619144340991893,-0.21157709770734007,-1.5211060288502873,0.36388955615953233,-1.5781457689130134,-0.9035879879839824,-1.4909490467688864,1.3503788764823401,-0.6747146081938455,1.7077414425425879,0.038228082011598594,-0.05006878551165904,0.17099159512352996,0.7646281924827655,-0.14953623575300848,0.4499656243665521,1.8575330368657328,0.22877301836383646,-1.449760138161693,0.5300541852546901,-0.15315525330116836,-0.6640161063133075,0.25801864687083387,0.5767337380434852,-0.45860988048113366,0.6949366671987428,1
0.7552333687910642,1.1610761347905159,0.25360634081899874,1.6713710754957767,1.9169452478570759,2.5109352840076906,-0.07378011494720958,1.7980997096035745,0.6044780156019552,0.3053822346336874,0.2723596460820906,-1.6150435629054014,-1.4461994480924583,-1.2253288999624108,-0.7291491312397449,1.1148150557862841,1.794209466054161,0.9755044054386042,-1.1821567391336558,0.015709071335956278,-0.7791604448126676,-0.2357284021374525,-1.4721481835405137,0.07553344680815272,0.7065296890004595,-1.003582588814599,0.06845462568249192,2.2025122201353806,-0.2931117518190515,-0.1573337926804341,1
1.6319846417495145,-0.8599286866045045,-1.002165456052114,-0.4231486761129063,-0.08547917557661833,0.5903134648310547,-0.5164938852869259,1.2386435644658436,-0.6215232763145906,0.004174738506830683,-0.6957427089318676,1.328998016712222,-1.0279928593219396,0.23413164715408719,-0.8387297554020788,0.7170025247884376,-0.1847857133282546,-0.2388146779586684,0.9201296864151151,-0.6145451118031509,-0.3010063626836186,0.1789848858470122,1.8824917070602076,-1.1855463068140015,-1.380972522048061,-0.6709707796324269,0.9344264285583415,1.21078638275701,1.0879314324092935,-0.33537588856346073,0
-0.3890102261807656,-0.5151210149872394,0.7417454927530595,0.13999113571179828,0.3574122109473598,1.594305247079454,-0.812492951876052,1.0127711992264363,0.665142987993615,0.6794469810221415,-1.781234922838565,0.634812788191511,1.2350344054955762,-0.5926186521329841,0.42846308937704525,-0.6304266981832336,-0.6756537721266112,1.1283936144752589,1.8336980946621617,2.2291578709047166,-0.6052280776050766,1.2543394083460266,-0.510255026763444,2.2598345263863693,1.3585404341321878,1.1172790984424594,-0.31401238231652817,1.803177011796354,-0.7846846546518271,0.8456393737325497,0
-0.9001141107514478,-0.16562661847944116,0.23739177149535512,2.20734492607848,0.5329537644227674,-1.1217103908685329,0.21156181754829886,-0.2276430397626995,-0.2686903840740824,-0.5198307381123208,-0.44652906422654937,-1.086734213569718,0.48905744207231994,1.4205146003572655,1.6030023351124152,0.07266678927903329,0.6896962550265571,0.8896034527284034,1.0466353940027775,-0.14845354524008045,-1.0973232958257968,0.3553390123998459,-1.2947897889677706,0.3134477607956566,-0.6278752588195753,-0.39454242444688936,-0.4218450259199652,0.048178916505262036,2.4531999489242455,-0.2445666961962025,0
-0.13810197288152745,-1.6511837820919666,0.9003312696935133,0.4755453738505636,-0.6514673991588888,0.8105897761365285,0.8036038936432398,-1.5948950542885176,-0.3934631963441657,-0.32083861788289053,0.663736355896784,-0.20353546107811252,-0.6270373487766865,-1.1349438936947898,-1.6108004384360952,0.4020206023720866,-0.7639105610351462,1.0391637829131681,-0.49305981363560697,0.642185196317347,0.6301862614582336,-1.372642023233153,0.6900637422087885,-0.5142718683728242,-0.2595442170918925,-0.16824615512949914,-0.1414339939065324,0.1259601967462531,-1.2272281680058894,1.2662940260979212,1
0.05389970630861544,-0.9068802967664823,0.5848880236344818,-0.2924469882965804,-2.5180994560624566,-1.2309748717097848,0.20874215531378318,0.7250896891495595,-0.09849213070668142,-0.9147090633786588,-0.04511236512078648,-0.6434690625868794,-1.5755409385730306,-0.21361910218962663,0.7744970774520876,0.5407810698601029,-0.5553656326155337,0.8161863235157244,-0.0901514437199165,-1.4968824601148216,0.5868987044150727,0.23468699901497597,-1.9065495390106697,1.5610705220985672,1.3002715596091363,0.511925750715854,-0.44584649716682995,0.340634229413191,0.3580114444280378,0.8038191380578333,1
-0.925091211509846,-0.3383099180496966,2.978602089839779,0.43657309982558207,-1.2356192807801714,0.5275455210641813,-0.5893179612613867,1.2219530559936325,1.4861261972723228,1.0366596727889361,-0.03694946239086103,0.250212210881219,-2.2954945318761144,0.8214484837625423,-1.3024797443415737,1.0548040861536467,0.6319921221383769,-0.30672783964352335,0.9187789903343561,-1.2042408905409823,0.3878315512681775,0.5091502248936899,-0.6980602062709476,-0.5586018880070988,-0.24460268382730646,-0.1345172607170335,-0.1953677048384085,-0.555135291177687,-0.16400404398446083,0.512522049350926,0
0.3821624175805774,-0.33952522432671056,-0.07597788908843353,0.45888721062939786,0.7598482156459514,1.831526299078411,0.3723962364070497,-0.187035007388966,-0.9481981356503107,-0.4980965639682726,1.2314748682444252,2.181710782971183,0.4023612664115235,0.9998903106655674,0.5467666831855938,1.1305384592625365,-0.8086132706253123,0.7845662907684146,0.21922993421568973,0.9496150170380722,0.05454297993193609,-1.054633541346172,2.00194781553972,-0.010750808960699233,-0.031169434825703977,-0.17086884219769327,-1.6067207274089572,0.5829316220914222,0.26764610724458526,-0.9247163891174133,0
0.7385509498375147,0.26101047895203267,0.21930508455605932,-2.1170722102122004,0.04977048656134251,-0.14615620433770096,-1.3183678449165201,1.2671001593925058,0.4987813078859457,-0.895891458380525,-0.2096685057363787,0.7709177328916289,1.0578172998697024,-1.363553428016232,0.9971528578714616,-0.8981401644257881,0.3884471303025926,-0.03772833211598255,0.28389506838014983,-1.8961209699478625,1.4891756742227846,1.9495884449705383,0.43413625291532004,-0.8746995527141048,-0.8193764687513972,-0.4062771522507413,0.4390523048874585,0.33697940349728994,0.008774642498992945,0.43772034546135546,1
0.7035172138151397,-0.8566385782949776,1.5189427366371846,-1.6532527294254837,2.2155115466809723,0.39271284429902176,-0.8496748393642841,-0.5425308032001137,0.4312232612211755,2.140377598323838,-1.1563611417831636,-1.8387073004146848,1.8738774205042241,-0.006298418927517047,0.40078137459924557,-0.5739034951879051,-0.447943328606871,0.10217013381121377,-0.4519076883477768,2.0408009791855903,-0.4965255111930516,-0.6165862386396229,0.523462123673398,0.8905693972010696,1.8650703851703354,-0.18294390188270224,-0.05569817128912036,1.0062080186448203,2.132720669089261,0.3432370092500802,0
-0.9719361814740509,-0.2064860453819239,-0.7892253666365083,0.41184534036946846,-0.6441634295154022,-1.0201196290123586,0.549011880872349,-0.20804839481391166,0.818587669170958,-2.3448655136712544,1.22155839124092,0.6781199076169733,-0.0907017496142807,1.2593326176205324,0.742794118380319,-0.25973534380149355,0.3702889300536532,0.11158570960797846,0.8662044830364901,-0.532270512244689,-0.1002114604238019,0.38845341502282393,0.07471680589707858,0.27728758596322667,0.6545236285057898,-0.2543058626853898,-0.3909956669821456,-0.01155180227404492,-0.6160859043947688,0.4433550049933808,1
-0.020949747987720743,0.8124279712678067,-0.45915395982829565,0.8187932743652887,0.17074541969019683,-0.7312812046014472,-0.3664229987001683,1.0973086469414428,2.312486005576039,-0.3007629210325606,0.5936857662627443,0.008922421624666714,0.9029743493016796,0.3096641761395083,-0.7444265516408455,-1.7346199059001262,0.46411605820301544,-0.8906841098828434,-0.6796284923545467,-1.5382174689078536,-1.9872304892800232,0.8562980945303157,0.09692862816064621,0.6611427821177605,0.11765327759317822,-0.5686006319016336,0.03339905637512743,1.4614232873304862,-1.5801007502042406,-0.12377341320858365,0
0.6591996091966574,0.18199770799850043,-1.2707666637048451,0.4299535115193432,0.7543043776833491,-0.6227935379195698,1.6793399096638335,-0.4784196808336819,0.2284026161396869,2.404559560608047,-0.18442455894865903,0.857493123960919,1.303210528307391,0.061810194857430494,-1.1178292923928166,-0.017285636570449747,-0.5142008620222517,-0.08738082433806883,-0.38592231391449855,0.7813983525779409,0.8895305613852844,-0.09389893914611795,-2.921123968095529,-0.7519028276156131,-0.8114124478742152,0.09670567018422255,1.0726640992437382,-0.3653655370831365,-0.76804416372173,1.188355363837993,1
0.3683027212171025,0.4444274858391171,-1.389557439522647,2.3059929439909075,0.03565537335647043,0.24754869401928703,1.6056811810871168,-0.6803405817091147,-0.5141227489261483,0.1283845758106943,-0.7181306023979358,-0.4394502268856692,-0.9299964302019791,-0.25387883736923683,-0.11565077938861887,-0.8724942124920245,-0.1396866432374925,-0.7334923685249094,-0.022760982778385352,0.9987172469166036,-0.4759811748743184,-0.39610952952153233,-0.7283822726847653,0.6266107864027108,-0.2620641631726363,1.3767887247985036,0.514838660126136,0.5231306327682483,0.16375813580202733,0.6980315097881793,1
-0.23805281371994932,1.2880056701769282,-2.4997838166412727,0.4623479198681665,0.5662540604488616,2.0947393569184056,0.10168920681331535,-0.9296888504466464,-0.8294055507923443,-1.4723363273832641,-0.7008754166074032,0.33448050848927,0.395422044056832,1.1016308710253482,-0.5515339810708669,0.896092943452764,-1.5613675058936713,-0.9295629610432602,0.38275646302238486,0.5578262112275737,0.20699727356419353,-0.5485319978347383,0.34148515233779403,-0.7157086007198491,-0.18788778405042514,-0.12217697624229475,0.4404995270852109,0.12666120257193883,-0.4103792938819684,0.3839556237884709,0
-0.6552376371404792,0.19891055409791325,-0.15687140661219276,0.5573031574162092,0.4446582855850581,0.5380017122735612,0.0648258562699319,-1.7294677235147227,0.585931306984454,0.188461267553961,1.4045575975954168,-0.8435015532495248,0.8905463743677252,0.35841504085895226,1.5614685444233627,1.693871715059605,0.6214742295930985,-0.15929933068742427,1.6904631534220849,-0.2492620878686027,0.5598240084160219,1.0303610383608461,0.10654134169526908,2.249147420773638,0.04268579828477759,2.6256707659585024,0.14621393534181326,-0.3157401334056222,1.3151519652995907,0.7376260008360431,1
-1.342407279316182,1.5671802303480247,-1.3926632545967002,0.2974326762319748,2.9131069915520618,-0.1663202873281445,-1.0135055329081308,0.08134127365590936,1.0179591825204857,0.592143282375896,0.49858372498307657,0.7176607848654775,-0.3030118665185333,0.6714155594254714,0.8794697066527583,-0.3695126639056014,0.11413992762775081,-1.4149677779284477,-0.39522719080786206,1.0998489332115882,0.8731557043291384,0.38836357367169344,-1.0498268838227207,-0.6102342172968246,0.09717106739287464,-1.5899239475660867,0.3969931158407976,0.2729414002530092,0.0347324843529927,-0.2628371587704612,1
-1.1861683683703015,-0.3137796508499725,-0.16675701143742014,0.8518369672187108,0.12686502932412747,0.5839103583939906,-0.3743690161378653,0.9238157474880477,-0.3040384248676021,1.052965678788584,-1.949411526595094,1.4691918043417165,0.9480525731470665,1.2135608891345127,-0.20832315176447816,0.23308344012468493,-0.2833307210041931,1.6169440261446097,1.0912619814328288,2.1793676456586892,1.1583371734057186,-0.4454030644732673,-1.3010187318624884,0.3472062581405932,0.4543160123608069,0.07200900902435213,0.616225773121522,-0.5253753792310382,-0.5091043285418613,0.8870669655985901,1
-0.019605579747749048,-1.4436328186567169,0.6951786055926689,0.20352786733969466,0.8517568996599121,0.06728873155290294,0.7018467696326655,0.422178820231992,-0.022243069582515696,-1.8480971161160096,-0.03563183603276274,1.5945815518246125,-0.18684411318908972,0.6654361724048476,-0.22843444212210814,0.44269868401100554,-1.7322744585339491,-0.048273989010796464,1.1902134240491333,0.9613803824031836,-0.35487707582440114,0.8079056725828359,0.06217670421189936,-0.3818411639158381,-0.7553617032774919,0.035864573633041304,-0.19022279731158004,0.0881678503521926,2.3645087376425105,-1.3716647243584228,0
-0.6631715407686631,-0.1820743574800587,0.4266169711792553,1.2215799870655444,1.0113502311326104,-2.270567557965408,-0.7693226984256872,-0.4234481370408474,3.391785121720978,1.6971841109708354,0.12293974126011548,1.1619793881848155,0.501097640264346,-0.3990877516986032,1.578666928214057,-0.47202551652095076,0.08402673915584377,0.3819742083658767,-0.61728922824824,-0.5627620050686364,0.29048485865466356,-0.6092173487701349,-0.025663334805434073,0.37051663905081056,-0.393075415246186,-0.32502581199794467,0.30039872069096846,-1.2922904816629435,-2.1734648019421146,0.9351831562002642,1
-0.6884934265470747,0.24075436069081704,1.647872373646291,-0.3558868953261882,0.12506507135915088,-0.38604722678465453,-1.4795361689539432,0.6599632076485038,0.37648827564030496,-0.5763820398248983,-1.463104532508155,-0.10881943622107965,1.677588344075411,1.2386413225504236,-1.4792381398174026,-0.8035844855619715,-1.341299005239051,-0.570139430251445,0.3506682526044657,0.9782447057495272,0.4239861212014822,-0.2510620739661016,0.5872516499980278,-1.0249912150154494,-0.8465597387438899,2.044284936969715,-0.3841527338216643,0.17383523328094638,0.1450736579194177,1.474011505910641,0
-0.23598931263545467,-0.06631371992037233,0.36544689129005775,0.1080173483083079,-0.5560785421953128,0.16219370109182804,1.0726030425713644,0.6048190505459715,0.09449843183622858,0.9758918786487097,0.6767695412759923,1.5335364668992983,-1.5308313374537126,-0.3140427124939224,-0.651863163577317,-1.1662422717548397,1.0208452868248936,0.45223196894369605,1.4023709599443899,1.0211982595293587,0.6469818634057115,0.35471020103642104,1.6918790780474715,0.34383783068393314,-1.8447147741210947,0.22526455723013836,1.277423430363084,0.5302919477645953,-0.5134202432436142,1.4179612809452053,0
0.32736999005071243,-0.6153575688632333,-0.517310851156655,-1.3873038392517842,0.9459832036542035,0.35715805976184595,-0.60154300093389,-0.06803391214513263,-0.2954671907913449,-0.5534905878259594,0.4145475978781144,-0.025068216734677212,-0.12032381216078286,-0.06438044619028875,0.26098598427563,-0.9763482796852344,-0.21946868878221812,-0.3744424930736352,-0.02688200995772862,1.7345840180247944,-0.1087056596080922,-0.07618471557573002,0.5464154637802894,0.48185079840935136,-0.3132036169454544,-2.4864911569171366,-1.991403538878292,-0.8678289616836133,0.361981651747859,0.1817695435057979,1
-1.0165462231762765,0.715868710987337,1.002792779381564,-1.5332427986714763,0.8197956595360982,2.397945231986804,0.21308468024582997,-0.18028180980258782,-1.013996990244376,1.0992561192946972,0.8002244729683065,-0.06957384703905325,-0.6413650890648096,0.43890961956766505,0.5200348045142815,-0.043426525193346936,-1.0683593991929548,2.3179708169701185,-0.4379935482229482,0.09531073124954047,0.3462211451484496,1.231207232531289,-0.09026176543366286,-0.11430546379503587,1.3606511962964725,-0.8766964731541802,-1.4850348248624479,-0.4526771523524742,2.2703990656686552,-0.18476010013538557,0
-0.4174467297386039,-0.9411659119956312,-0.503048258396327,-0.19534514017457275,-0.9468123621481335,0.4346281251183347,0.536702055750365,2.0651659342442836,0.2933114113910865,2.109156211028823,0.5970432826922919,0.4541331778034555,-0.7489609794740745,-1.5970933152328397,-0.3472338967347782,1.9401587001043081,-0.8188665319378707,-0.28347191191230436,-0.14256552843861373,0.07016651397770128,-0.526015932332532,-0.7684068491447941,1.6403089278512313,-0.10207224898730839,0.2841289879939211,0.4738424038086133,0.050674369030026714,-1.1556523729703518,2.7336886539777936,-0.17712866110162995,1
-0.7696052757770582,-0.21113579055728604,0.4924962934895785,-0.31614432576208856,2.0210961823653864,-0.37747190148627424,0.0715474012772911,-1.1114563965460182,0.7929996119620168,0.06317925626442117,0.6017846358339978,0.9016556260175068,0.2269269522854435,0.7137410457074167,0.9620539800145689,0.9765269115485331,0.3092083794026159,-1.7832881109383791,-1.4045807702991597,0.0837845542383554,0.32553936644253484,0.3824378979175964,0.34157783558066535,0.299477894792283,0.02838090710084256,0.6172665459273264,0.3559114605774094,-0.9645884483693057,-1.318660369179535,-1.275948452657797,1
-0.8619027168064192,1.973902258510691,-0.3754768332447801,-0.2270830862019152,-0.3394208218676519,1.077415560327334,0.6783038176295487,0.4241623360440256,1.0952554544581112,-0.24254096091213528,0.26481767507069165,-1.9364436197699664,-0.43459059868865635,0.4584761772442468,-0.5046493491328102,-0.07208261973343688,0.643403006987918,0.4366756794926046,-2.2486302265166533,0.28083324770714285,2.0057269556182638,0.918984507888319,1.074363009238203,1.1203245709442986,0.49799083538320305,1.2211118164656347,0.5649602911085333,0.011955997040486648,0.42146290910647016,-1.8451583172090147,0
0.0007475860193854447,-0.6552614708301848,0.358017342713223,-1.2119108462461188,-1.459667950704016,1.415777491452176,-0.047739820361636695,0.9192212288634571,-2.2135648583108276,-1.4623464017671748,-0.07124502570695106,-0.6975312765785177,-1.450755054058918,-0.1305158639710406,1.1998968792905749,-1.4597434755065093,-0.19848297624978448,0.8951297383548423,0.2417203340982897,-0.34589147422297334,1.4864728651377923,0.3118658040459284,0.0101709511917329,-0.09647702411864198,0.0682458440269297,-0.3040559744471651,-0.9115310202607152,0.07222072552541382,-0.6643214804735842,-0.6038367913412213,1
0.3721905324377839,2.20402496927781,1.9971183692820518,1.010064961278755,-0.39789211569753813,1.4954182741390951,-1.2680748656949006,1.2475641691393047,-0.7270741035943254,0.05681519808494782,-0.40150918392933854,0.26497056463682955,0.7027926931683075,-0.19819868580254796,1.4846043944883494,1.8029242853474932,0.5567665683125967,0.41159060727303515,-1.7107102300754269,1.007829673427959,-0.11404016656612581,1.2541467757403504,-1.180548771669736,0.9827365448583724,0.5965514440337183,-0.5603603881238671,0.7937070723058876,-1.0863252761724604,0.07163321544325792,2.0336721333824688,0
-0.9107272149785298,1.7352670465229225,0.5300516984787069,1.6681668385285882,0.8209361120050362,0.1725622709446023,-0.10624671790412539,0.8673739449623349,-0.06689485501540464,-0.23505297684439166,2.088095518906986,-0.8870185884513226,-0.15496472199087796,-0.7078606918491778,0.5689311175539628,-1.107182654287956,-0.49929633197408513,0.36350005216876774,0.1397272246579277,-0.999216435671839,-1.454865472317032,-1.9113666729572587,2.1378636649621985,-0.9022528120097633,1.011877449482681,0.8245713157658214,0.5227642236472411,-0.3745451940763366,0.34657046842628986,-0.0005963916031977233,0
0.5689711633585431,-0.4522097269533386,0.6935525611127629,-0.057920650598646053,0.20813767149100265,-0.86673257683963,-1.7723375340361598,0.9424328774852078,-0.11824906410938607,0.4643819465167881,0.4782926090047503,1.6468094702628897,-1.322223561397647,-1.0872996820539347,0.10158445119145165,-0.7311995559791777,-0.5340660410913162,-0.3260401099616334,-0.31078509315259023,-0.5406582698053223,1.184939840212766,1.5657504808657448,0.7077661990085009,-1.0929799932795796,-0.03364044892650631,-0.8931745795916342,-1.7091057953202555,0.8624085568187853,-0.16899318817040082,0.5057460691371166,1
-0.5789170464844992,0.6737806909103203,1.2552045588691498,-0.2455760070225667,1.4921788472891768,-0.37083930236119195,0.4499852496791294,0.5772039609411312,-0.9506948962676427,0.7240434537124538,-0.7225955319858434,-2.2417036657285356,0.9155515410755898,0.61750223828706,0.16752471777094166,0.294567076589606,0.6701915615781789,-1.4432392164024306,-0.13471484725979033,1.643578574538179,2.5565120284006593,0.6798641265370732,-0.9160547013880427,1.8302157810144222,0.44616100640854023,-1.3037996152432683,-0.6673852310352278,-1.3851154352864525,-2.2754342873398823,-0.852226650845794,0
0.9803234697489688,-0.5250197889805092,0.04069741558910983,1.317990326906286,1.5993050173144698,-1.4167037515768641,1.3642478815430348,0.535048162445127,1.4135411195720944,-0.12921330086564325,-0.9088647436717142,0.18504558252101888,-0.03311175940344374,-0.8737988026128509,-0.0709719176510163,0.14416598957867807,-1.7627217414351717,0.4867960707323072,0.4388867857795428,1.0721684255618484,0.18420206503232028,-0.8102354573614267,-0.7610380353280601,-0.7480344078514959,-1.206799615852804,-1.3329331518637726,-1.4539244695344336,0.19724297306054817,1.1202548141857864,0.3513229717360558,0
-0.3485750515933142,0.26304599351123215,0.12590752248588585,0.6229036341723805,0.9094853911923235,-0.08809439287207778,-1.0009618163392946,0.015016406384020726,-1.3014388805177233,-0.37554475054119896,1.1877538066506854,-1.0956003526189717,0.7423881304091596,0.0705209606426871,0.5793109472797904,-1.3823594387427451,-0.10189520184426333,-0.822228855591937,0.38222203787957654,0.3086576685321812,1.3496216209653669,-0.5966493448996354,2.6251468650660756,1.3921458817764791,-0.004264566864182362,0.6251214402483808,-0.9342685886520323,-0.12826401399233833,-1.523382535733345,-1.2719668488809448,1
-0.5109377008883599,-0.12159053580908286,0.006572246955951737,-1.6884379675875218,-1.7833754511638915,1.6019613525438574,-1.6960483895094964,1.9425175814005566,0.21275840963484724,1.0913652745600768,-0.16259601927730322,-0.4380156661850039,0.4279590626810021,-1.1679697281659225,-0.0231753137311165,-0.5308537421629541,-0.19938548851344104,0.01060048804497419,0.2554510050875525,-1.3063598501944869,0.7395385751173336,0.2238444204383068,-1.5887396582386697,0.07821270442666044,-0.1019763262614972,-0.1550416209140968,-1.6652693944811043,1.5613190092892841,-0.04897964482661479,0.5825236426996715,0
1.1743437329366524,0.15033495811282033,-1.0437905670546246,0.45092784211395276,-0.4452537278498971,-0.1683204554182338,0.5706851231338145,-0.574275710039196,-0.6207353871293765,0.17616591680735402,-0.4083409255784835,-0.15703675453438035,-0.8533336500667448,0.9791607728087721,-0.38496223412614294,-0.7706490425620939,-1.0939217547969644,-0.37545526360360426,0.49386826090746383,-0.6048080222231426,0.1280375945572251,1.7441196531181016,2.120723436965576,0.39854751271142075,2.0940143178224617,-0.18537275530681993,-0.9730872730388082,-0.62527760894525,-0.367950762902679,1.085412809891241,0
-0.8327211528625582,1.190036423004698,0.5243464901955843,0.7386744911380205,-0.6730254451863521,1.2456086575651313,0.4936621915435034,-1.5746334365931285,-0.4713044922248451,-1.0399694670051332,-0.9691865052515284,1.076964112729256,-1.9684733479374443,1.1880498243739972,0.04016533111145651,0.07325145445753165,0.041878748641842135,1.669008730573385,0.12285768049257893,0.877704551240279,0.803748655297464,-0.3793846541868422,-0.15742093768083576,1.0805719568783176,0.5212153637927317,0.5820953414979492,-0.349118977717053,0.8216162852953295,0.43816113710471205,-1.2611447093175443,0
1.0058770825696557,1.1440785900322257,0.15004137801387366,-1.7335477268715678,0.04787221987728326,1.0223087970884266,-0.022776655926563347,0.8454850453626657,-0.533078635292931,-0.6035147280687241,1.1167592164048128,-0.42570703274651367,3.1273014557852665,0.9842994694011399,0.200890279777359,1.4893677468173103,0.07435392422845072,0.418876169332495,0.19024542691414018,-0.6503083722953318,0.31577518909561386,-1.9820316719088982,1.2680108969812844,-1.2907573362918272,-1.6343070565439435,0.4567245583784783,0.702175244997481,0.3435401801126133,0.5755741073560108,-0.24457835324577643,0
-0.753865146964908,-0.22910825064144438,-0.39418042658059615,0.3818739997553185,-0.3867888713300462,0.9456405008882209,-2.139639669665888,1.7829607526863611,-0.6776177393872197,0.4578768354719533,0.21455413553611535,-0.06702426878457789,-1.8921086673851146,0.3799105549237455,0.2654884087483918,-1.3886608915964846,-0.5415611151400012,-0.960296500404662,1.0498882622870733,-1.4902912232455,-0.555258052060048,-1.3517198870472407,2.081660464457522,-0.8041007336009032,0.5039362299628994,1.5783780116186923,0.3967017310111181,1.4015939447595356,0.05701870882646862,0.5109882175863535,1
-2.4237780978207564,-0.26276846727512126,-1.08296657730948,2.261453942288328,0.8240280501985455,1.3522656119393326,-0.7328112776399289,0.6592780419009474,-1.5996396031921463,0.0817639632800888,1.2964093667659151,-0.9236880614631567,1.2558336333909212,-1.2599929832288523,-0.23596305501944398,-0.39508449334556395,-0.6525859347732902,1.0957683996527525,-1.1818401140844728,-0.286497011606013,0.19320675465581544,-2.0366085156912295,0.2063478534248311,1.113549502859184,0.7636366914040539,-1.266579585542653,0.41367570572095325,-1.553402709269566,-0.6930635017365581,2.5244086130982963,0
0.8651125070888473,0.9684654347407713,-0.4530887943720808,-1.1429446727541763,-0.5918947536862602,0.48261170459413777,-0.29396761074311467,-0.9627970266357364,1.3346838189798151,1.6197120262957823,-1.8901140901797462,-0.25675149020011645,-0.5449301250890002,0.5185599208782607,-0.9442317526192967,0.6875648611216298,-0.4064587110408952,0.32996353799169853,-1.421232654165961,0.6657964219651507,-1.9157709296421535,-1.2016540235590916,0.08468644168099816,0.48671660856435744,-1.0883698165607023,1.2174116847479597,-1.1404535585881308,-1.384638784911932,0.6206649414750771,0.2147621962595661,0
0.8628274515899673,1.3095304561783556,0.19879175374214514,-0.35962550104676666,-0.5369795140839817,0.09021158905402137,0.7165050909844936,0.14938477647623666,0.3608456653203213,-2.1890200722077338,0.42977968492711494,-0.6492979490151298,-2.1560767049849545,0.37034806337916887,-0.09779569158104791,-2.16840083348609,-0.7379184166697461,-0.11842285674189175,-0.8547452451412146,-0.24559563394682138,-1.2720802636200477,0.14465509632229342,-0.8399834563166966,-0.8198510546522882,0.369228836517574,0.740760213783482,-1.1320276393845021,-2.6274759117713944,1.5344737263767654,-0.854687528721076,1
1.0806186219208567,0.4292368717062946,0.8032073506796171,0.2049745797700457,-0.08065541584657795,-0.07666996486652722,1.858089068023294,0.24680518618228137,0.044731979962174664,-1.746525192023722,0.943197044047579,0.22791093692214098,-0.4304661636877851,-0.7315572324812998,-1.7448325413293293,-1.023837656230618,-0.6854123265786677,1.086009546791852,-0.580958950359171,0.34671876683761593,-0.3201737271984831,-1.2702680543552607,-0.9848678316783077,0.3690270906657552,0.9413278453260765,0.5901379180618413,-0.27244164429454965,-1.1875628335536312,0.4807281487992106,-0.240641716488617,1
-1.2545832931170575,-0.5904264576725379,-0.35657351501602136,0.41613239801923707,0.6874001383039221,-0.929933870830003,-0.5197071535008928,0.41724914777039446,-0.43231530894150566,1.2140669570115799,-0.9234657399483666,0.7983390005000327,1.1269011481645,1.8840360594219077,1.294440592550708,0.8320762771503084,-0.777491975020057,0.5736189959184361,0.5716097759652048,-0.08861808161789378,0.5353187415707947,-0.45895798237225244,-1.6018182394558047,-0.8170621670515327,0.6202029930037415,1.0056448416550874,0.041984678795479284,-0.14626212707988406,-0.14142511234969532,-0.7639915873147388,1
1.638207804032224,-0.562223809227311,-0.11739727775868807,-0.007142626868846371,0.39201046022376024,0.27638627486071854,-0.23568572423127473,0.7910352418374956,0.7723890112754418,0.3250324646254954,-1.3011546721489287,-2.1562228933716265,-0.14783925092223427,2.0543818315141604,2.203682284071826,0.22858521375162663,0.313743237810667,-0.11708684812494752,1.258017941703144,-0.7768031126309377,1.660990720602277,0.5848274786990443,-1.2697160222198622,-0.12302353439650277,-1.5050601087986148,1.76360977106003,0.4889419546268684,-0.10723560330673405,-1.0262745660379735,-0.08196524745113042,1
0.19242453138479446,-0.20689747860953564,0.2932675344682174,1.3547616758083565,-0.004451817557146654,0.8004746817495971,0.9257409703125895,0.166724365597535,-0.018917845796932342,1.5257861836511764,0.6995734962690728,-0.6422015028668042,-0.3909554845881884,-0.8428518208601135,0.28158535918795496,0.864607452444751,-2.573414956946365,-0.36510668281518993,0.9956906600605826,0.10659217340941848,1.3227261609104968,0.7592626428284899,-0.7753020107111583,-1.8954285087355824,-1.0215109365886557,-0.7874539587944194,-0.5370409747383333,-1.5038679055846695,-0.5758020981505971,-0.5567247554127083,1
0.14193435175323899,0.03092389461481499,0.2196303524098147,0.5114210202423078,1.2987651925048123,0.348548647632445,-1.0950836079009896,-0.9593519357970165,0.40406839645922493,-0.7307843950570914,-1.285200776415158,0.08591450204942916,0.9827547170656783,1.0570414568020048,0.2989028842902282,-0.03314029366295781,-0.8214777335822653,1.1338135036204233,-1.5052660779961544,-1.4357614966979608,0.46582530747555323,-1.060039994704012,-0.029616220850163646,-0.8274533456149107,-0.5487022991516152,-0.7050270827114359,0.3258547287910667,-2.355761531039231,-1.3788975599136937,0.37788504407018886,0
-0.8438942404962263,1.4093831095471894,2.437210729344463,-0.215657338529011,-1.485396921652937,1.1455875893353449,-0.8287077506183456,-0.3634704863339621,1.3735846107734173,-0.16509943470328853,2.463896202604736,1.9301590767649948,-0.33843629364555516,-1.0413413485369036,1.159560231700067,0.0599448218832209,-0.12179314460321815,-0.4055333014645936,1.1330318160211033,2.236739844066898,0.6035152673430423,-0.5780810064651125,1.3620617741723098,-1.157847332137907,1.3872874681867726,0.6217684813536584,-1.892285787542145,-2.5944800768893646,-0.3074742959327482,-0.4937692927969667,0
-0.27405208296998806,0.1969212286510353,1.6886587177115528,-1.0655129532426526,0.9556442793636223,-0.3633211953448341,0.8241069813325255,-0.20424091821689755,-1.1562894232973695,-0.027058954456130192,1.3592615418102847,0.9328551958049587,0.021781342841808795,-1.3209532638666432,1.594479643613479,-0.17797054191248118,-2.281224355190364,-1.0106978954131536,1.1461974668338482,-1.3717857853596356,-0.39010903625838944,1.0197688447511908,-1.6877566154053696,-0.5132190470916754,-0.7662212652106634,1.9409206840041593,-1.5568072823754084,0.3244516833298747,0.19575097432425506,0.7040101939815845,0
0.6256805963087676,-0.621852432092117,0.8814776159323026,0.5138049579600183,0.6384623046754541,-0.456471491029426,-0.2148920545027716,0.14010360528770166,0.9188186555768404,2.0964117327353327,1.1232163274070046,0.4292820211138124,0.8042735213031373,0.6213667926189702,-0.3458253260917656,-1.0081663249860997,0.6186699071452909,-0.30186832067002,-2.1299654845686975,1.5917537721810469,-2.7889199146033388,-2.4085762069542582,1.881889528891264,-0.7659451710716566,0.7262778524115651,-0.6476064378954222,0.8080306126329864,0.3870105487771008,0.41030479967446076,-0.4909193022437816,0
-2.1966061186443264,-0.17931785834033293,0.6132311856158137,0.6938361066765635,-0.2757400832221447,0.7973022452608234,0.9703061212729527,-1.080855434313633,1.5694423865372398,0.11238102572611794,0.27552173957500603,0.6472471141543436,1.1501285266186414,-0.061603501533357016,1.5171987295804301,0.5396438669093087,-0.6011245182012535,0.9305693018200262,0.49372406453064593,0.27543957843216493,-0.7586929240766482,0.3407990622594496,-0.7138575436338661,-0.5979945458613575,-0.47989424981077217,-1.2093483335083839,0.33738161282878576,1.3879836058912927,-0.05539696759437783,-1.4112655705642343,1
0.5350999532886895,-1.1950269314064412,0.8668123411745713,1.2467778829052543,0.43587373790582373,-0.15886226531898565,-0.5432479410378972,-1.4962483416628785,-0.2826959765342301,0.37326374206005813,-0.3849019314921187,-0.4283458699837298,-1.4219811091223853,-0.6515753279912972,1.9109063654302607,0.4568587460512996,-0.24762795599701326,-0.7764310882098465,0.6610222693038131,0.7414366051301574,-0.4302885135934934,-0.04691136846820467,-0.3750938266623804,-0.30237574576855963,0.30399624565972555,-0.8479912145751477,0.6463659129514916,-0.07428767089933293,-1.3434377052075144,0.9307653433651009,1
-1.1579656294623417,0.23465033279558226,-0.6824443433415439,1.7864867244855287,0.38072957552876086,0.20137335064052106,0.43579582183958526,0.4366506342552396,1.026672271271406,0.3980684221944096,-2.820487459191361,-0.33327744567557394,0.15083513907159576,0.24634059780263118,-0.41781305470981395,1.1903841734057559,1.240274721554938,-1.4129454434493485,-0.32728636396938793,-0.38681123233053766,0.6059224420167685,-0.5521203314349036,0.9816116111551623,-0.3153673637077355,0.6058370285383954,0.263593010972072,0.06539226468558774,0.5997916908258811,-1.4267221917674495,0.5237107477245048,0
0.1827939515375072,0.006018483831289042,-0.8119156402892138,2.058672071322672,-0.16891196815849155,-0.16907661510449593,0.5854232613815058,2.3940809187169143,0.9632019153417593,-0.5870603784630514,0.5478599969066986,-0.7104251153328871,-3.0346989545106573,-0.9596911555560886,0.21928942244773877,0.5718589459287433,-0.6223962797775138,0.28567960780538054,-0.03328918525618722,-0.6422188663529426,-1.2789384162117177,1.3537637630417065,0.2109550229348741,0.6046858114644346,-1.1831435855618881,1.5418559782551875,0.15247799222060635,-1.0259378685713973,-1.3369496793372586,1.1351398472144778,1
0.4648044594303352,-0.01660079597923567,-0.1669393060583007,0.6247719804978799,-0.37988748900813046,-0.30588932507939903,0.005548897550206872,-0.18874620941639111,0.6214287797479728,-0.29006245216713,0.5757055177375852,-0.5310907443600145,0.812246115187453,1.0451657856751144,0.9603903844611867,1.6410542899068432,0.5067905938648383,-0.5057132990536112,-0.08931513839603047,2.0668604038000487,0.8042917305692491,1.213867731969205,0.6467542688141312,-0.15134624455014328,0.4943775372090832,-1.7618814627361454,0.2420538559974658,-0.0837871379905751,1.837872128989641,-0.05671331892207785,1
0.6336087707115067,1.7454784080489782,0.09550149094866119,0.17528935707905552,0.36954865725890046,-0.04615032972614668,2.1559171691910217,1.40704881122998,-0.06811174108320463,-0.6017324852409544,-0.18483089636438696,-0.214420275243328,0.4357663802818355,-0.15931716572443233,-0.7536683492823909,-0.31230917009238185,-0.8083365179049193,-2.2650528344365726,-0.3440504975635905,-1.2386696852363472,1.3124346347409082,1.619390614359737,1.4075340666889684,-0.3846134777518128,-0.23620751553820904,1.6542678051634774,0.23850461462343633,1.1220146358508385,-0.1419947037285815,0.23292489818004083,1
-0.3750188567139051,-1.2277368650400906,-0.19796221333528388,0.21376315698942652,1.0758583476707433,-0.5876490956999708,-0.08384229307504845,-1.4990544475309604,-0.2617333621409235,-0.6065285210370608,-0.7678031764056151,-1.0025812678522157,1.9486853452178297,-0.7570477019379882,-0.8123113943585907,0.3643273221621608,1.2919710108996902,-0.8124344072151622,1.1334676469741178,1.6200018381572638,-0.7747347849648742,0.6772699333569423,1.2344145488405893,0.9842811310311148,0.4711889687533759,0.276111683389305,-1.5333342120986349,1.0696419955277394,-0.670538737841498,1.5360211941237567,1
-1.0973305606519386,-0.7053633844997279,2.0105994072785673,-0.8649079621343938,0.19986619625982982,-0.15125786204064384,-2.0105178955142518,0.7039141618801915,-0.11200869079307549,-0.48741929160489594,-0.31664710173877814,-0.7310875933466088,-0.715242513136079,0.6758686402414398,0.8649525638380835,-1.2548834938549962,-1.565055698897229,-0.33836297196697473,0.05361833342772907,-1.3888671898177207,-0.9139115953618638,-0.506585651966274,1.5221404424530478,-0.17960928259326145,-0.5424864988826648,1.5931222267329843,1.0639233422714678,0.626202273905064,-0.1218134754709991,-2.1569960595247295,1
0.6794977295878245,-0.013278766299220935,1.3790062656272584,-0.14316171266855302,0.421742859203399,0.9835364003141362,0.2581743816616682,0.6881834209850254,-0.0896677218373168,0.4146410640353543,-0.8218762395821253,0.7509932335043044,0.3027944701869963,-0.8403611522006126,-0.9117054811912507,-1.1371757391118678,0.7090796501669289,0.4535356625777892,0.5270317020886602,-0.5595309846922816,-0.1006189103621749,0.47507392397503284,1.0518020585826635,0.2568143721425927,-0.8427143182878539,0.6406317676687872,1.0770817461676874,1.0469669042596688,0.37769106426202437,1.4365402993289842,0
0.17783526606610006,-0.586413538258918,-1.3303901743094348,0.17186854843231927,-1.653084506000338,-0.098425851284234,-2.0640954481120617,-1.1340694777016291,0.5857201632857105,-1.0763343327093005,0.8968433948116217,0.11282985262344818,0.6340233664980394,-1.2096744213678976,-0.37826525588897286,0.19899425872542967,-0.4529293959863368,-0.14719946090499295,-0.9848442620062984,1.121346245026253,0.014096261602809414,-0.01968653263673491,0.181354513174726,-1.0503338123287385,0.681478844530705,-0.7175909347705111,-0.6578146176386348,0.6607362832932125,-2.1274052673979136,-0.5892601301838017,1
0.5862201321325704,-0.5566706254628901,0.5207206670924001,-0.1350526208129867,0.780732325727188,-0.024072215048859334,-1.7115387826558093,-0.047650608387274807,0.6289181716862653,-0.5387370899989232,0.4979944655344831,-1.2978949167903873,-0.9379859603563249,-1.1251432534885355,0.6344449528657572,-0.5236567653738828,1.5011189820346458,1.402106851053467,-1.009153025101816,-0.07965203834983915,-0.48657604846923597,-0.6869277018068948,-0.9226028503880102,0.5521957387351616,0.6962760611015089,-0.2022483009415712,-0.9208380820051533,-3.583691002132039,0.4976503883199263,-0.3581120178517679,0
0.6374953849772867,1.121864376226344,0.6454037492059924,-0.9089319724627817,1.801259073942211,1.1682107001305044,0.13181335985539072,-0.7324000532856332,1.5848229654632493,-0.023177378545141902,0.34102522474975755,-0.24538945895773678,0.9196372388354298,-0.10559802305626095,0.6034243693502664,1.6888053192811472,-1.518662715855869,0.34736884347906616,-0.6245954936577274,0.049509672803602876,0.05921029819369592,-0.620765169388205,-0.9212564683957808,1.3064691140806675,1.5864657412251721,0.19790259193815835,-2.1200034757618336,0.5127006522303897,1.1919824881189651,1.4609650979047353,1
0.31828178903674753,0.511601930436759,0.012669102884291758,0.05452074752328728,-1.3266357568704936,0.46875888409385535,-1.3202171379311944,1.5497941903331482,1.293132840858148,-0.5981597650629811,-0.08528659288174037,2.4825509451780206,0.8149488522195916,-0.9231368609990332,-0.33420686474170186,0.3731706936247944,1.1821164235311097,-0.0993312957043031,-1.0637456436689756,0.3017401900350992,1.0648702151280007,2.358656759403743,-0.3648630186915451,-2.1001490195590224,-0.8920274657866318,-0.06653153959322199,0.2301878166959143,0.41539015271337776,0.8023870957795374,0.15893463585347914,1
0.32764465967409667,1.7304819282389723,0.12805174698376623,-0.44744646429222223,1.0666088904299953,-0.4676773272671548,-0.047138097707150585,1.5637014228692707,-0.6581868638005544,0.38326910027536265,-0.48888264891824856,-1.9962505028181843,0.9122049583127433,0.7950426981970439,0.4837901296318447,0.9043887100196296,1.1870229216410038,-1.8307534880141914,0.40081824386919124,-0.30142803810035484,1.5090490158200762,1.7089664484665088,-1.3685740567077713,0.24764277231214077,-2.64425475269838,0.8874068774409188,-0.3644692580051364,1.5501789852251806,-1.671629811128974,2.2879012569057844,1
1.5626368782782465,-0.9198552137398348,0.9865375297405011,-0.4911460446651068,-0.932644970716081,0.40300017623738377,-1.973897391491896,-1.1018795453535088,-0.35834855314187347,0.1963520686956579,1.8905215975489886,-1.6090131142366138,-1.8466371387080152,-0.26239509329991356,-0.09033220204914916,1.151765044219648,-0.24446381755711796,0.7368637644163146,-0.8593899843338405,-1.16260927466509,0.2613683347408233,0.28659724865458014,2.070897034710442,0.7230029341048123,-0.14247814324683927,-0.06808586575315574,-0.7153966171491905,0.06245635614348284,-0.03358016400221868,0.7115766862897117,1
-0.3181117811606162,0.6549147192374196,1.181110268479343,-0.3590541077579453,-1.9298669978324414,-0.42172264975417334,-1.8207870671177988,0.3988389116230767,0.3146060974726477,-1.1129825964978006,-0.23255072628717285,-0.35116159140799597,-0.018732722118770907,2.0511414828059427,-0.5760609579227659,1.281033721264635,0.6199879799483689,-0.7490772784785878,1.0169172767999552,-1.336638871627559,-0.24676324427496021,0.3918684531314881,0.9611330031328013,-1.0498737799905198,-0.48943466723988466,-0.4543969611892394,0.20422900671436142,0.10042636246938676,-1.5588142084614316,-1.1434966325102744,0
-1.299699841314315,-2.0027585730058,-0.9649898384398673,-0.21649556397116232,-0.6629886403297806,-0.8014816099060379,-0.7388896829499065,-0.8983359311469321,-0.8108551296062383,2.267724639455367,-1.598469969722053,-0.45055492509328393,-0.17446778124386914,-1.3040532560673934,1.3306384153515196,-0.8511262427891884,-0.07384762404430936,0.07560035782247805,-1.1465162072789883,-0.16993169487553642,-0.4078460195162922,0.15621633081982245,0.9430173332873127,-0.6957375286152835,0.38926168529465704,0.8802824352088291,0.19701368625174392,0.34716813001131336,-2.021484875636992,0.16068492186556985,0
0.49549167441649894,-1.0553977251266788,-0.9060541777277598,-2.0085710177927036,1.068051280689241,0.6375297197715812,-0.7214611973962667,-0.48836606813119704,0.009081916347221552,0.3469360215120941,0.7037925329622482,-0.10503834406924482,-2.6312384866271907,-0.36654971816310133,-0.37179542734250515,-1.6989766122131609,0.20237940125838974,-0.6653064397459297,1.4515084667781406,-0.5004610248277139,0.3870945100621429,0.6921582445994239,-0.2628309137707803,-0.5967203818791939,-1.3657782069695537,1.7681007281635355,0.7199850299355156,0.7584002915410695,1.1851035702208121,2.112786661864053,1
-0.997107718585992,0.16028635945667138,-0.3929856325632456,1.227277472885006,0.6006973808546909,-1.4126272325923515,-1.4705516175699034,1.8495034860781143,0.8933923227704893,-1.8499901269945156,-1.5619911548200165,1.7710061199244405,-0.17371905742189991,-0.3208985456925914,0.1408583000181441,0.5381267898428685,1.9456384751331814,-0.5044312805759837,-0.40111058562104634,1.0253032348135158,0.2885403376935446,2.0237672033855074,0.11240871571808007,-0.8786735160022606,0.958208825067785,1.068486216210296,-0.21381723711512157,0.1978802947907492,0.31502390653663787,0.1915424835072502,0
0.6418224806571012,-1.1889864055806483,2.6131514687869077,0.7976643266216566,-0.836760706693123,1.514653309347627,-1.132655642221897,-0.08772365449993536,-0.8578303652593975,-0.5573807792703662,-1.1989655726612507,0.5824308812926791,0.4078324472520658,-1.0205564083175276,-0.19143247208320616,0.8971418939130512,-1.2296354907491873,-1.1481398164810046,-1.3063979975036326,-0.19342452613121378,0.4129726302906105,-0.24794626364962188,-0.397462519272702,-0.3120518151523687,-0.7537609825358226,0.9974396885213622,-0.2250163312535047,-0.07880533248184629,-0.05394711578596053,0.057967521798573445,1
0.008473326206069295,-0.8816295925678098,0.6964961768850971,1.0497564349923225,-0.07847142294275732,-1.2854471782679557,1.6117205771678438,0.5656636863440457,-1.6543847397455584,-0.05923585911696012,0.8300903536727824,-0.9340576487617135,-0.40195098529183915,0.6891116366560682,-0.9124279760391185,0.2810494019025018,0.36044617944574897,0.4030925004835462,0.2754198529221228,-1.3257184244338798,-2.3130809797494365,1.1681749294206265,-1.245798443115674,-0.024167739563009796,-1.1242093036202438,0.045974935873339756,-0.17222272815496298,0.45387618829500403,0.055983586317147206,-0.8863287372008258,0
0.1952313095015954,0.3937766954983667,-0.4878101393445016,-0.49425798821151434,0.35423409597785505,0.5847923803027265,-0.7471832179217511,-0.8667644233072113,0.8041154092170114,-0.14427387913959955,-0.08941310192979307,0.9926067997243357,1.2466047497772315,-0.2288785359714812,-0.1848914502593025,0.37902105711617573,1.0211296377231556,0.34942625303943,-0.14357707177700535,2.0791805538261157,0.6257849856033296,2.11919823966283,-1.1532089332126296,-0.1158414294069631,1.6009713378756898,0.543889225599991,2.05910753955076,-0.024488910473609057,-1.6490170795907937,0.14883861825394873,1
0.7142167183645719,-0.08720710902920428,0.9505081744076003,1.6679443311476663,0.5036743018763283,-1.1644728875669474,1.6378511162508536,0.36807361869114014,0.18260121529511192,-0.03557739293221867,0.42043905469605325,2.2415351047315353,-0.6956559945372237,1.0170627045374783,-0.42578799991562416,-0.38873475878631847,-0.8592865446992707,-0.6998326118170024,0.06769130716737624,0.5081873751015762,-1.3640605533044803,0.3895683386080959,0.5786065467594761,1.822281423256183,-0.6318872674495275,-0.915941588785283,0.08570507539549484,0.23631166519727737,0.4433220483454466,2.1766223229278934,0
1.4461968476884752,-0.046657885548035925,0.9527300853171354,-0.1665796944084775,0.8606177390708355,0.6484464679090506,-2.1263142650304716,0.27111244413230823,-0.7825698257813645,1.327536987365873,-1.0138011198946357,-1.0834390188371166,-0.6156617637978802,-0.46944224069042917,0.7185303138816582,-1.0497600558959572,0.047714631063337,-0.7336197101550762,0.34758111653479484,0.7619310477834628,0.7834521353884432,0.49984747045235844,-0.1568212946554022,0.5608113967912836,1.206704788957765,-1.6557894863310543,1.3574329585925438,0.10956811935619278,-0.559462784917442,-1.9359141611531234,1
-0.9360412446247558,0.9416223314879658,-0.12508902349682163,-0.5668234762140454,0.17813256496123125,0.27087993661362114,-1.1956359920466495,0.08455053869302002,-0.6829772897656239,0.7158438299741058,-0.7142121315822137,0.8100252702704603,0.6731044817327525,1.6204788945246111,0.1689937220128979,-1.039008606437638,0.5417598090055128,-2.2717138312873724,1.4981177892592972,-0.7162187159505046,-0.633901555183743,0.22682456857960917,0.871433401712174,-0.07444266062502362,0.25695088093811663,-2.4800845807668828,0.5174985085313464,0.5903649558077217,0.8213548012638936,1.2547483067660372,1
0.7388969666321591,0.7532675506049663,2.292606649813601,-1.4962140993956452,1.3691820347222923,-0.7893279764056622,-0.76823665006478,-1.8793942355815239,-0.07348253489904133,0.42010519702955434,1.3193272921488681,0.27861750890476517,-0.4156965553839847,0.9316234466353049,1.114200416074045,-1.2755434121037577,-0.6333999177837487,0.6173805449197558,0.2599130906151727,-1.069058739216089,-1.1112843056655597,-1.0012412798217267,-1.5994746297692923,0.5240878737230502,0.4535072041201145,-1.010208531054197,-0.8560836053802013,-1.7548075216905108,0.5823462416851692,-0.4266760844859606,1
0.7447130946673904,-1.415161954090204,1.1436863309961935,1.3202196238701123,-1.2294399216394798,-2.0454915181632645,-0.6559465068094865,1.268823681418856,0.6845138917819537,-0.4642155914098017,0.8276497821323092,-1.5435446901619967,0.1904323844581182,0.5066540932726327,0.2481254105684565,0.07840753523255002,-0.21327364456795872,-0.35871485987960205,0.3309578117716379,0.601698594418719,1.1489573235844723,-0.8698143581255844,1.5036854856836352,-0.30716512700522147,0.588511557855024,1.5423002308407676,0.09501332897750868,0.3876336748315283,0.9313893195326115,-0.44695022010193886,0
